title,console,genre,na_sales,release_date,day2,day3,day4,day5,day6,day7
Red Dead Redemption 2,PS4,Action-Adventure,5.26,2018-10-26,2018-10-27,2018-10-28,2018-10-29,2018-10-30,2018-10-31,2018-11-01
Call of Duty Black Ops IIII,PS4,Shooter,4.05,2018-10-12,2018-10-13,2018-10-14,2018-10-15,2018-10-16,2018-10-17,2018-10-18
Red Dead Redemption 2,XOne,Action-Adventure,3.76,2018-10-26,2018-10-27,2018-10-28,2018-10-29,2018-10-30,2018-10-31,2018-11-01
Call of Duty Black Ops IIII,XOne,Shooter,3.27,2018-10-12,2018-10-13,2018-10-14,2018-10-15,2018-10-16,2018-10-17,2018-10-18
Pokemon Lets Go Pikachu,NS,Role-Playing,2.16,2018-11-16,2018-11-17,2018-11-18,2018-11-19,2018-11-20,2018-11-21,2018-11-22
NBA 2K19,PS4,Sports,1.69,2018-09-11,2018-09-12,2018-09-13,2018-09-14,2018-09-15,2018-09-16,2018-09-17
Madden NFL 19,PS4,Sports,1.63,2018-08-10,2018-08-11,2018-08-12,2018-08-13,2018-08-14,2018-08-15,2018-08-16
NBA 2K19,XOne,Sports,1.47,2018-09-11,2018-09-12,2018-09-13,2018-09-14,2018-09-15,2018-09-16,2018-09-17
Far Cry 5,PS4,Action,1.44,2018-03-27,2018-03-28,2018-03-29,2018-03-30,2018-03-31,2018-04-01,2018-04-02
Madden NFL 19,XOne,Sports,1.33,2018-08-10,2018-08-11,2018-08-12,2018-08-13,2018-08-14,2018-08-15,2018-08-16
Pokemon Lets Go Eevee,NS,Role-Playing,1.22,2018-11-16,2018-11-17,2018-11-18,2018-11-19,2018-11-20,2018-11-21,2018-11-22
Assassins Creed Odyssey,PS4,Action-Adventure,1.18,2018-10-05,2018-10-06,2018-10-07,2018-10-08,2018-10-09,2018-10-10,2018-10-11
Far Cry 5,XOne,Action,1.14,2018-03-27,2018-03-28,2018-03-29,2018-03-30,2018-03-31,2018-04-01,2018-04-02
Battlefield V,XOne,Shooter,1.05,2018-11-20,2018-11-21,2018-11-22,2018-11-23,2018-11-24,2018-11-25,2018-11-26
Assassins Creed Odyssey,XOne,Action-Adventure,0.91,2018-10-05,2018-10-06,2018-10-07,2018-10-08,2018-10-09,2018-10-10,2018-10-11
MLB The Show 18,PS4,Sports,0.86,2018-03-27,2018-03-28,2018-03-29,2018-03-30,2018-03-31,2018-04-01,2018-04-02
FIFA 19,PS4,Sports,0.84,2018-09-28,2018-09-29,2018-09-30,2018-10-01,2018-10-02,2018-10-03,2018-10-04
Battlefield V,PS4,Shooter,0.8,2018-11-20,2018-11-21,2018-11-22,2018-11-23,2018-11-24,2018-11-25,2018-11-26
Spyro Reignited Trilogy,PS4,Platform,0.75,2018-11-13,2018-11-14,2018-11-15,2018-11-16,2018-11-17,2018-11-18,2018-11-19
Forza Horizon 4,XOne,Racing,0.74,2018-10-02,2018-10-03,2018-10-04,2018-10-05,2018-10-06,2018-10-07,2018-10-08
Minecraft,NS,Sandbox,0.69,2018-06-21,2018-06-22,2018-06-23,2018-06-24,2018-06-25,2018-06-26,2018-06-27
Monster Hunter World,XOne,Action,0.67,2018-01-26,2018-01-27,2018-01-28,2018-01-29,2018-01-30,2018-01-31,2018-02-01
Sea of Thieves,XOne,Action-Adventure,0.6,2018-03-20,2018-03-21,2018-03-22,2018-03-23,2018-03-24,2018-03-25,2018-03-26
Fallout 76,XOne,Role-Playing,0.59,2018-11-14,2018-11-15,2018-11-16,2018-11-17,2018-11-18,2018-11-19,2018-11-20
Shadow of the Tomb Raider,PS4,Action-Adventure,0.59,2018-09-14,2018-09-15,2018-09-16,2018-09-17,2018-09-18,2018-09-19,2018-09-20
FIFA 19,XOne,Sports,0.56,2018-09-28,2018-09-29,2018-09-30,2018-10-01,2018-10-02,2018-10-03,2018-10-04
Fallout 76,PS4,Role-Playing,0.52,2018-11-14,2018-11-15,2018-11-16,2018-11-17,2018-11-18,2018-11-19,2018-11-20
Shadow of the Tomb Raider,XOne,Action-Adventure,0.46,2018-09-14,2018-09-15,2018-09-16,2018-09-17,2018-09-18,2018-09-19,2018-09-20
Shadow of the Colossus,PS4,Action-Adventure,0.44,2018-02-06,2018-02-07,2018-02-08,2018-02-09,2018-02-10,2018-02-11,2018-02-12
SoulCalibur VI,PS4,Fighting,0.44,2018-10-19,2018-10-20,2018-10-21,2018-10-22,2018-10-23,2018-10-24,2018-10-25
Crash Bandicoot N Sane Trilogy,NS,Platform,0.44,2018-06-29,2018-06-30,2018-07-01,2018-07-02,2018-07-03,2018-07-04,2018-07-05
Just Dance 2019,NS,Music,0.43,2018-10-23,2018-10-24,2018-10-25,2018-10-26,2018-10-27,2018-10-28,2018-10-29
EA Sports UFC 3,PS4,Sports,0.4,2018-02-02,2018-02-03,2018-02-04,2018-02-05,2018-02-06,2018-02-07,2018-02-08
Fortnite,NS,Shooter,0.38,2018-11-16,2018-11-17,2018-11-18,2018-11-19,2018-11-20,2018-11-21,2018-11-22
Dragon Ball FighterZ,XOne,Fighting,0.38,2018-01-26,2018-01-27,2018-01-28,2018-01-29,2018-01-30,2018-01-31,2018-02-01
Diablo III Eternal Collection,NS,Action,0.38,2018-11-02,2018-11-03,2018-11-04,2018-11-05,2018-11-06,2018-11-07,2018-11-08
Spyro Reignited Trilogy,XOne,Platform,0.36,2018-11-13,2018-11-14,2018-11-15,2018-11-16,2018-11-17,2018-11-18,2018-11-19
WWE 2K19,PS4,Fighting,0.36,2018-10-09,2018-10-10,2018-10-11,2018-10-12,2018-10-13,2018-10-14,2018-10-15
Starlink Battle for Atlas,NS,Action-Adventure,0.35,2018-10-16,2018-10-17,2018-10-18,2018-10-19,2018-10-20,2018-10-21,2018-10-22
LEGO The Incredibles,NS,Action,0.35,2018-06-15,2018-06-16,2018-06-17,2018-06-18,2018-06-19,2018-06-20,2018-06-21
Ni no Kuni II Revenant Kingdom,PS4,Role-Playing,0.33,2018-03-23,2018-03-24,2018-03-25,2018-03-26,2018-03-27,2018-03-28,2018-03-29
EA Sports UFC 3,XOne,Sports,0.3,2018-02-02,2018-02-03,2018-02-04,2018-02-05,2018-02-06,2018-02-07,2018-02-08
WWE 2K19,XOne,Fighting,0.3,2018-10-09,2018-10-10,2018-10-11,2018-10-12,2018-10-13,2018-10-14,2018-10-15
Mega Man 11,NS,Platform,0.29,2018-10-02,2018-10-03,2018-10-04,2018-10-05,2018-10-06,2018-10-07,2018-10-08
Dragon Quest XI Echoes of an Elusive Age,PS4,Role-Playing,0.29,2018-09-04,2018-09-05,2018-09-06,2018-09-07,2018-09-08,2018-09-09,2018-09-10
LEGO DC SuperVillains,NS,Action-Adventure,0.28,2018-10-16,2018-10-17,2018-10-18,2018-10-19,2018-10-20,2018-10-21,2018-10-22
State of Decay 2,XOne,Action-Adventure,0.27,2018-05-22,2018-05-23,2018-05-24,2018-05-25,2018-05-26,2018-05-27,2018-05-28
Monster Hunter Generations Ultimate,NS,Action,0.27,2018-08-28,2018-08-29,2018-08-30,2018-08-31,2018-09-01,2018-09-02,2018-09-03
SoulCalibur VI,XOne,Fighting,0.26,2018-10-19,2018-10-20,2018-10-21,2018-10-22,2018-10-23,2018-10-24,2018-10-25
NHL 19,XOne,Sports,0.26,2018-09-14,2018-09-15,2018-09-16,2018-09-17,2018-09-18,2018-09-19,2018-09-20
Bayonetta 2,NS,Action,0.26,2018-02-16,2018-02-17,2018-02-18,2018-02-19,2018-02-20,2018-02-21,2018-02-22
NHL 19,PS4,Sports,0.26,2018-09-14,2018-09-15,2018-09-16,2018-09-17,2018-09-18,2018-09-19,2018-09-20
NBA 2K19,NS,Sports,0.24,2018-09-11,2018-09-12,2018-09-13,2018-09-14,2018-09-15,2018-09-16,2018-09-17
A Way Out,PS4,Action,0.23,2018-03-23,2018-03-24,2018-03-25,2018-03-26,2018-03-27,2018-03-28,2018-03-29
Crash Bandicoot N Sane Trilogy,XOne,Platform,0.23,2018-06-29,2018-06-30,2018-07-01,2018-07-02,2018-07-03,2018-07-04,2018-07-05
LEGO DC SuperVillains,PS4,Action-Adventure,0.22,2018-10-16,2018-10-17,2018-10-18,2018-10-19,2018-10-20,2018-10-21,2018-10-22
Astro Bot Rescue Mission,PS4,Platform,0.22,2018-10-02,2018-10-03,2018-10-04,2018-10-05,2018-10-06,2018-10-07,2018-10-08
The Crew 2,PS4,Racing,0.22,2018-06-29,2018-06-30,2018-07-01,2018-07-02,2018-07-03,2018-07-04,2018-07-05
Hyrule Warriors Definitive Edition,NS,Action,0.21,2018-05-18,2018-05-19,2018-05-20,2018-05-21,2018-05-22,2018-05-23,2018-05-24
Dragon Ball FighterZ,NS,Fighting,0.21,2018-09-28,2018-09-29,2018-09-30,2018-10-01,2018-10-02,2018-10-03,2018-10-04
Rocket League,NS,Sports,0.21,2018-01-16,2018-01-17,2018-01-18,2018-01-19,2018-01-20,2018-01-21,2018-01-22
Mega Man Legacy Collection 12,NS,Platform,0.2,2018-05-22,2018-05-23,2018-05-24,2018-05-25,2018-05-26,2018-05-27,2018-05-28
LEGO DC SuperVillains,XOne,Action-Adventure,0.2,2018-10-16,2018-10-17,2018-10-18,2018-10-19,2018-10-20,2018-10-21,2018-10-22
The Crew 2,XOne,Racing,0.2,2018-06-29,2018-06-30,2018-07-01,2018-07-02,2018-07-03,2018-07-04,2018-07-05
Hitman 2,PS4,Action-Adventure,0.19,2018-11-13,2018-11-14,2018-11-15,2018-11-16,2018-11-17,2018-11-18,2018-11-19
Naruto to Boruto Shinobi Striker,PS4,Action,0.19,2018-08-31,2018-09-01,2018-09-02,2018-09-03,2018-09-04,2018-09-05,2018-09-06
Tetris Effect,PS4,Puzzle,0.19,2018-11-09,2018-11-10,2018-11-11,2018-11-12,2018-11-13,2018-11-14,2018-11-15
Farming Simulator 19,XOne,Simulation,0.19,2018-11-20,2018-11-21,2018-11-22,2018-11-23,2018-11-24,2018-11-25,2018-11-26
Destiny 2 Forsaken,PS4,Shooter,0.19,2018-09-04,2018-09-05,2018-09-06,2018-09-07,2018-09-08,2018-09-09,2018-09-10
Luigis Mansion,3DS,Adventure,0.19,2018-10-12,2018-10-13,2018-10-14,2018-10-15,2018-10-16,2018-10-17,2018-10-18
LEGO The Incredibles,XOne,Action,0.19,2018-06-15,2018-06-16,2018-06-17,2018-06-18,2018-06-19,2018-06-20,2018-06-21
Dissidia Final Fantasy NT,PS4,Fighting,0.19,2018-01-30,2018-01-31,2018-02-01,2018-02-02,2018-02-03,2018-02-04,2018-02-05
Nintendo Labo ToyCon 02 Robot Kit,NS,Action,0.18,2018-04-20,2018-04-21,2018-04-22,2018-04-23,2018-04-24,2018-04-25,2018-04-26
LEGO The Incredibles,PS4,Action,0.18,2018-06-15,2018-06-16,2018-06-17,2018-06-18,2018-06-19,2018-06-20,2018-06-21
Just Cause 4,PS4,Action-Adventure,0.18,2018-12-04,2018-12-05,2018-12-06,2018-12-07,2018-12-08,2018-12-09,2018-12-10
Kingdom Come Deliverance,PS4,Role-Playing,0.18,2018-02-13,2018-02-14,2018-02-15,2018-02-16,2018-02-17,2018-02-18,2018-02-19
FIFA 19,NS,Sports,0.18,2018-09-28,2018-09-29,2018-09-30,2018-10-01,2018-10-02,2018-10-03,2018-10-04
My Hero Ones Justice,NS,Fighting,0.17,2018-10-26,2018-10-27,2018-10-28,2018-10-29,2018-10-30,2018-10-31,2018-11-01
Kingdom Hearts The Story So Far,PS4,Role-Playing,0.17,2018-10-30,2018-10-31,2018-11-01,2018-11-02,2018-11-03,2018-11-04,2018-11-05
Overcooked 2,NS,Simulation,0.17,2018-08-07,2018-08-08,2018-08-09,2018-08-10,2018-08-11,2018-08-12,2018-08-13
Just Cause 4,XOne,Action-Adventure,0.17,2018-12-04,2018-12-05,2018-12-06,2018-12-07,2018-12-08,2018-12-09,2018-12-10
A Way Out,XOne,Action,0.17,2018-03-23,2018-03-24,2018-03-25,2018-03-26,2018-03-27,2018-03-28,2018-03-29
No Mans Sky,XOne,Action-Adventure,0.17,2018-07-24,2018-07-25,2018-07-26,2018-07-27,2018-07-28,2018-07-29,2018-07-30
Naruto to Boruto Shinobi Striker,XOne,Action,0.17,2018-08-31,2018-09-01,2018-09-02,2018-09-03,2018-09-04,2018-09-05,2018-09-06
Dark Souls Remastered,NS,Role-Playing,0.16,2018-10-19,2018-10-20,2018-10-21,2018-10-22,2018-10-23,2018-10-24,2018-10-25
Nintendo Labo ToyCon 03 Vehicle Kit,NS,Racing,0.16,2018-09-14,2018-09-15,2018-09-16,2018-09-17,2018-09-18,2018-09-19,2018-09-20
My Hero Ones Justice,PS4,Fighting,0.16,2018-10-26,2018-10-27,2018-10-28,2018-10-29,2018-10-30,2018-10-31,2018-11-01
NBA Live 19,PS4,Sports,0.15,2018-09-07,2018-09-08,2018-09-09,2018-09-10,2018-09-11,2018-09-12,2018-09-13
Detective Pikachu,3DS,Adventure,0.15,2018-03-23,2018-03-24,2018-03-25,2018-03-26,2018-03-27,2018-03-28,2018-03-29
LEGO Harry Potter Collection,NS,Action,0.15,2018-10-30,2018-10-31,2018-11-01,2018-11-02,2018-11-03,2018-11-04,2018-11-05
Bendy and the Ink Machine,PS4,Puzzle,0.15,2018-11-20,2018-11-21,2018-11-22,2018-11-23,2018-11-24,2018-11-25,2018-11-26
Bendy and the Ink Machine,NS,Puzzle,0.15,2018-11-20,2018-11-21,2018-11-22,2018-11-23,2018-11-24,2018-11-25,2018-11-26
Jurassic World Evolution,XOne,Simulation,0.15,2018-07-03,2018-07-04,2018-07-05,2018-07-06,2018-07-07,2018-07-08,2018-07-09
Creed Rise to Glory,PS4,Sports,0.15,2018-09-25,2018-09-26,2018-09-27,2018-09-28,2018-09-29,2018-09-30,2018-10-01
Bendy and the Ink Machine,XOne,Puzzle,0.14,2018-11-20,2018-11-21,2018-11-22,2018-11-23,2018-11-24,2018-11-25,2018-11-26
Hitman 2,XOne,Action-Adventure,0.14,2018-11-13,2018-11-14,2018-11-15,2018-11-16,2018-11-17,2018-11-18,2018-11-19
LEGO Harry Potter Collection,XOne,Action,0.14,2018-10-30,2018-10-31,2018-11-01,2018-11-02,2018-11-03,2018-11-04,2018-11-05
Jurassic World Evolution,PS4,Simulation,0.14,2018-07-03,2018-07-04,2018-07-05,2018-07-06,2018-07-07,2018-07-08,2018-07-09
Kingdom Come Deliverance,XOne,Role-Playing,0.14,2018-02-13,2018-02-14,2018-02-15,2018-02-16,2018-02-17,2018-02-18,2018-02-19
Katamari Damacy Reroll,NS,Action,0.14,2018-12-07,2018-12-08,2018-12-09,2018-12-10,2018-12-11,2018-12-12,2018-12-13
The World Ends with You Final Remix,NS,Role-Playing,0.14,2018-10-12,2018-10-13,2018-10-14,2018-10-15,2018-10-16,2018-10-17,2018-10-18
Firewall Zero Hour,PS4,Shooter,0.14,2018-08-29,2018-08-30,2018-08-31,2018-09-01,2018-09-02,2018-09-03,2018-09-04
NBA Live 19,XOne,Sports,0.13,2018-09-07,2018-09-08,2018-09-09,2018-09-10,2018-09-11,2018-09-12,2018-09-13
PlayerUnknowns Battlegrounds,PS4,Shooter,0.13,2018-12-07,2018-12-08,2018-12-09,2018-12-10,2018-12-11,2018-12-12,2018-12-13
Dark Souls Remastered,PS4,Role-Playing,0.13,2018-05-25,2018-05-26,2018-05-27,2018-05-28,2018-05-29,2018-05-30,2018-05-31
Hello Neighbor,PS4,Action,0.13,2018-07-27,2018-07-28,2018-07-29,2018-07-30,2018-07-31,2018-08-01,2018-08-02
Just Dance 2019,XOne,Music,0.13,2018-10-23,2018-10-24,2018-10-25,2018-10-26,2018-10-27,2018-10-28,2018-10-29
Farming Simulator 19,PS4,Simulation,0.13,2018-11-20,2018-11-21,2018-11-22,2018-11-23,2018-11-24,2018-11-25,2018-11-26
Darksiders III,PS4,Action,0.13,2018-11-27,2018-11-28,2018-11-29,2018-11-30,2018-12-01,2018-12-02,2018-12-03
RBI Baseball 18,XOne,Sports,0.12,2018-03-20,2018-03-21,2018-03-22,2018-03-23,2018-03-24,2018-03-25,2018-03-26
Hello Neighbor,NS,Action,0.12,2018-07-27,2018-07-28,2018-07-29,2018-07-30,2018-07-31,2018-08-01,2018-08-02
Attack on Titan 2,NS,Action,0.12,2018-03-20,2018-03-21,2018-03-22,2018-03-23,2018-03-24,2018-03-25,2018-03-26
Bravo Team,PS4,Shooter,0.12,2018-03-06,2018-03-07,2018-03-08,2018-03-09,2018-03-10,2018-03-11,2018-03-12
RBI Baseball 18,NS,Sports,0.12,2018-03-20,2018-03-21,2018-03-22,2018-03-23,2018-03-24,2018-03-25,2018-03-26
Go Vacation,NS,Misc,0.12,2018-07-27,2018-07-28,2018-07-29,2018-07-30,2018-07-31,2018-08-01,2018-08-02
Sid Meiers Civilization VI,NS,Strategy,0.12,2018-11-16,2018-11-17,2018-11-18,2018-11-19,2018-11-20,2018-11-21,2018-11-22
Vampyr,PS4,Role-Playing,0.12,2018-06-05,2018-06-06,2018-06-07,2018-06-08,2018-06-09,2018-06-10,2018-06-11
My Hero Ones Justice,XOne,Fighting,0.12,2018-10-26,2018-10-27,2018-10-28,2018-10-29,2018-10-30,2018-10-31,2018-11-01
Street Fighter 30th Anniversary Collection,NS,Fighting,0.12,2018-05-29,2018-05-30,2018-05-31,2018-06-01,2018-06-02,2018-06-03,2018-06-04
Fallout 76,PC,Role-Playing,0.12,2018-11-14,2018-11-15,2018-11-16,2018-11-17,2018-11-18,2018-11-19,2018-11-20
Harvest Moon Light of Hope,NS,Simulation,0.12,2018-05-29,2018-05-30,2018-05-31,2018-06-01,2018-06-02,2018-06-03,2018-06-04
Valkyria Chronicles 4,NS,Strategy,0.12,2018-09-25,2018-09-26,2018-09-27,2018-09-28,2018-09-29,2018-09-30,2018-10-01
Sword Art Online Fatal Bullet,PS4,Role-Playing,0.11,2018-02-23,2018-02-24,2018-02-25,2018-02-26,2018-02-27,2018-02-28,2018-03-01
Just Dance 2019,PS4,Music,0.11,2018-10-23,2018-10-24,2018-10-25,2018-10-26,2018-10-27,2018-10-28,2018-10-29
Street Fighter 30th Anniversary Collection,PS4,Fighting,0.11,2018-05-29,2018-05-30,2018-05-31,2018-06-01,2018-06-02,2018-06-03,2018-06-04
Life Is Strange Before the Storm,PS4,Adventure,0.11,2018-03-06,2018-03-07,2018-03-08,2018-03-09,2018-03-10,2018-03-11,2018-03-12
Darksiders III,XOne,Action,0.11,2018-11-27,2018-11-28,2018-11-29,2018-11-30,2018-12-01,2018-12-02,2018-12-03
WarioWare Gold,3DS,Misc,0.11,2018-08-03,2018-08-04,2018-08-05,2018-08-06,2018-08-07,2018-08-08,2018-08-09
Radiant Historia Perfect Chronology,3DS,Role-Playing,0.11,2018-02-13,2018-02-14,2018-02-15,2018-02-16,2018-02-17,2018-02-18,2018-02-19
Carnival Games,NS,Party,0.11,2018-11-06,2018-11-07,2018-11-08,2018-11-09,2018-11-10,2018-11-11,2018-11-12
Sega Genesis Classics,NS,Misc,0.1,2018-12-07,2018-12-08,2018-12-09,2018-12-10,2018-12-11,2018-12-12,2018-12-13
Just Dance 2019,Wii,Music,0.1,2018-10-23,2018-10-24,2018-10-25,2018-10-26,2018-10-27,2018-10-28,2018-10-29
NASCAR Heat 3,PS4,Racing,0.1,2018-09-07,2018-09-08,2018-09-09,2018-09-10,2018-09-11,2018-09-12,2018-09-13
Devil May Cry HD Collection,PS4,Action,0.1,2018-03-13,2018-03-14,2018-03-15,2018-03-16,2018-03-17,2018-03-18,2018-03-19
Dynasty Warriors 9,PS4,Action,0.1,2018-02-13,2018-02-14,2018-02-15,2018-02-16,2018-02-17,2018-02-18,2018-02-19
Valkyria Chronicles 4,PS4,Role-Playing,0.1,2018-09-25,2018-09-26,2018-09-27,2018-09-28,2018-09-29,2018-09-30,2018-10-01
Dragons Crown Pro,PS4,Role-Playing,0.1,2018-04-24,2018-04-25,2018-04-26,2018-04-27,2018-04-28,2018-04-29,2018-04-30
The Elder Scrolls Online Summerset,XOne,MMO,0.09,2018-05-21,2018-05-22,2018-05-23,2018-05-24,2018-05-25,2018-05-26,2018-05-27
Mega Man 11,PS4,Platform,0.09,2018-10-02,2018-10-03,2018-10-04,2018-10-05,2018-10-06,2018-10-07,2018-10-08
Little Dragons Cafe,NS,Simulation,0.09,2018-08-24,2018-08-25,2018-08-26,2018-08-27,2018-08-28,2018-08-29,2018-08-30
NASCAR Heat 3,XOne,Racing,0.09,2018-09-07,2018-09-08,2018-09-09,2018-09-10,2018-09-11,2018-09-12,2018-09-13
Sword Art Online Fatal Bullet,XOne,Role-Playing,0.09,2018-02-23,2018-02-24,2018-02-25,2018-02-26,2018-02-27,2018-02-28,2018-03-01
YookaLaylee,PS4,Platform,0.09,2018-01-01,2018-01-02,2018-01-03,2018-01-04,2018-01-05,2018-01-06,2018-01-07
Goosebumps The Game,NS,Adventure,0.09,2018-10-09,2018-10-10,2018-10-11,2018-10-12,2018-10-13,2018-10-14,2018-10-15
Shantae HalfGenie Hero,NS,Platform,0.09,2018-05-08,2018-05-09,2018-05-10,2018-05-11,2018-05-12,2018-05-13,2018-05-14
Attack on Titan 2,PS4,Action,0.09,2018-03-20,2018-03-21,2018-03-22,2018-03-23,2018-03-24,2018-03-25,2018-03-26
Fist of The North Star Lost Paradise,PS4,Action,0.09,2018-10-02,2018-10-03,2018-10-04,2018-10-05,2018-10-06,2018-10-07,2018-10-08
Starlink Battle for Atlas,XOne,Action-Adventure,0.09,2018-10-16,2018-10-17,2018-10-18,2018-10-19,2018-10-20,2018-10-21,2018-10-22
MX vs ATV All Out,PS4,Racing,0.09,2018-03-27,2018-03-28,2018-03-29,2018-03-30,2018-03-31,2018-04-01,2018-04-02
Shenmue I  II,PS4,Action-Adventure,0.09,2018-08-21,2018-08-22,2018-08-23,2018-08-24,2018-08-25,2018-08-26,2018-08-27
Attack on Titan 2,XOne,Action,0.08,2018-03-20,2018-03-21,2018-03-22,2018-03-23,2018-03-24,2018-03-25,2018-03-26
Yakuza Kiwami 2,PS4,Action,0.08,2018-08-28,2018-08-29,2018-08-30,2018-08-31,2018-09-01,2018-09-02,2018-09-03
Sega Genesis Classics,PS4,Misc,0.08,2018-05-29,2018-05-30,2018-05-31,2018-06-01,2018-06-02,2018-06-03,2018-06-04
Namco Museum Arcade Pac,NS,Misc,0.08,2018-09-28,2018-09-29,2018-09-30,2018-10-01,2018-10-02,2018-10-03,2018-10-04
Overcooked Special Edition,NS,Simulation,0.08,2018-02-13,2018-02-14,2018-02-15,2018-02-16,2018-02-17,2018-02-18,2018-02-19
Destiny 2 Forsaken,XOne,Shooter,0.08,2018-09-04,2018-09-05,2018-09-06,2018-09-07,2018-09-08,2018-09-09,2018-09-10
Payday 2,NS,Shooter,0.08,2018-02-27,2018-02-28,2018-03-01,2018-03-02,2018-03-03,2018-03-04,2018-03-05
Dead Cells,NS,Action,0.08,2018-08-15,2018-08-16,2018-08-17,2018-08-18,2018-08-19,2018-08-20,2018-08-21
Metal Gear Survive,PS4,Action,0.08,2018-02-20,2018-02-21,2018-02-22,2018-02-23,2018-02-24,2018-02-25,2018-02-26
The Elder Scrolls Online Summerset,PS4,MMO,0.08,2018-05-21,2018-05-22,2018-05-23,2018-05-24,2018-05-25,2018-05-26,2018-05-27
South Park The Fractured But Whole,NS,Role-Playing,0.08,2018-04-24,2018-04-25,2018-04-26,2018-04-27,2018-04-28,2018-04-29,2018-04-30
Slime Rancher,XOne,Simulation,0.08,2018-09-04,2018-09-05,2018-09-06,2018-09-07,2018-09-08,2018-09-09,2018-09-10
Slime Rancher,PS4,Simulation,0.08,2018-09-04,2018-09-05,2018-09-06,2018-09-07,2018-09-08,2018-09-09,2018-09-10
Starlink Battle for Atlas,PS4,Action-Adventure,0.08,2018-10-16,2018-10-17,2018-10-18,2018-10-19,2018-10-20,2018-10-21,2018-10-22
We Happy Few,PS4,Action-Adventure,0.08,2018-08-10,2018-08-11,2018-08-12,2018-08-13,2018-08-14,2018-08-15,2018-08-16
Monster Energy Supercross  The Official Videogame,XOne,Racing,0.08,2018-02-13,2018-02-14,2018-02-15,2018-02-16,2018-02-17,2018-02-18,2018-02-19
Nickelodeon Kart Racers,XOne,Racing,0.08,2018-10-23,2018-10-24,2018-10-25,2018-10-26,2018-10-27,2018-10-28,2018-10-29
Monster Energy Supercross  The Official Videogame,PS4,Racing,0.08,2018-02-13,2018-02-14,2018-02-15,2018-02-16,2018-02-17,2018-02-18,2018-02-19
Burnout Paradise Remastered,PS4,Racing,0.08,2018-03-16,2018-03-17,2018-03-18,2018-03-19,2018-03-20,2018-03-21,2018-03-22
Shin Megami Tensei Strange Journey Redux,3DS,Role-Playing,0.08,2018-05-15,2018-05-16,2018-05-17,2018-05-18,2018-05-19,2018-05-20,2018-05-21
Xenoblade Chronicles 2 Torna  The Golden Country,NS,Role-Playing,0.08,2018-09-21,2018-09-22,2018-09-23,2018-09-24,2018-09-25,2018-09-26,2018-09-27
Nickelodeon Kart Racers,NS,Racing,0.08,2018-10-23,2018-10-24,2018-10-25,2018-10-26,2018-10-27,2018-10-28,2018-10-29
Mutant Football League Dynasty Edition,NS,Sports,0.08,2018-10-30,2018-10-31,2018-11-01,2018-11-02,2018-11-03,2018-11-04,2018-11-05
Mega Man X Legacy Collection 12,PS4,Platform,0.07,2018-07-24,2018-07-25,2018-07-26,2018-07-27,2018-07-28,2018-07-29,2018-07-30
Nickelodeon Kart Racers,PS4,Racing,0.07,2018-10-23,2018-10-24,2018-10-25,2018-10-26,2018-10-27,2018-10-28,2018-10-29
Dark Souls Remastered,XOne,Role-Playing,0.07,2018-05-25,2018-05-26,2018-05-27,2018-05-28,2018-05-29,2018-05-30,2018-05-31
Dragon Quest Builders Revive Alefgard,NS,Role-Playing,0.07,2018-02-09,2018-02-10,2018-02-11,2018-02-12,2018-02-13,2018-02-14,2018-02-15
Vampyr,XOne,Role-Playing,0.07,2018-06-05,2018-06-06,2018-06-07,2018-06-08,2018-06-09,2018-06-10,2018-06-11
Call of Cthulhu,PS4,Role-Playing,0.07,2018-10-30,2018-10-31,2018-11-01,2018-11-02,2018-11-03,2018-11-04,2018-11-05
Dark Souls Trilogy,PS4,Role-Playing,0.07,2018-10-19,2018-10-20,2018-10-21,2018-10-22,2018-10-23,2018-10-24,2018-10-25
MX vs ATV All Out,XOne,Racing,0.07,2018-03-27,2018-03-28,2018-03-29,2018-03-30,2018-03-31,2018-04-01,2018-04-02
Spintires MudRunner  American Wilds,PS4,Racing,0.07,2018-10-23,2018-10-24,2018-10-25,2018-10-26,2018-10-27,2018-10-28,2018-10-29
Overcooked 2,PS4,Simulation,0.07,2018-08-07,2018-08-08,2018-08-09,2018-08-10,2018-08-11,2018-08-12,2018-08-13
Overcooked 2,XOne,Simulation,0.07,2018-08-07,2018-08-08,2018-08-09,2018-08-10,2018-08-11,2018-08-12,2018-08-13
Borderlands 2 VR,PS4,Shooter,0.07,2018-12-14,2018-12-15,2018-12-16,2018-12-17,2018-12-18,2018-12-19,2018-12-20
Subnautica,PS4,Adventure,0.07,2018-12-04,2018-12-05,2018-12-06,2018-12-07,2018-12-08,2018-12-09,2018-12-10
Kirby Battle Royale,3DS,Fighting,0.07,2018-01-19,2018-01-20,2018-01-21,2018-01-22,2018-01-23,2018-01-24,2018-01-25
Life Is Strange Before the Storm,XOne,Adventure,0.07,2018-03-06,2018-03-07,2018-03-08,2018-03-09,2018-03-10,2018-03-11,2018-03-12
Deracine,PS4,Adventure,0.07,2018-11-06,2018-11-07,2018-11-08,2018-11-09,2018-11-10,2018-11-11,2018-11-12
NBA 2K Playgrounds 2,NS,Sports,0.07,2018-11-09,2018-11-10,2018-11-11,2018-11-12,2018-11-13,2018-11-14,2018-11-15
Persona Dancing Endless Night Collection,PS4,Music,0.07,2018-12-04,2018-12-05,2018-12-06,2018-12-07,2018-12-08,2018-12-09,2018-12-10
ARK Survival Evolved,NS,Action-Adventure,0.07,2018-11-30,2018-12-01,2018-12-02,2018-12-03,2018-12-04,2018-12-05,2018-12-06
We Happy Few,XOne,Action-Adventure,0.07,2018-08-10,2018-08-11,2018-08-12,2018-08-13,2018-08-14,2018-08-15,2018-08-16
NBA 2K Playgrounds 2,PS4,Sports,0.06,2018-10-16,2018-10-17,2018-10-18,2018-10-19,2018-10-20,2018-10-21,2018-10-22
Hello Neighbor Hide  Seek,NS,Adventure,0.06,2018-12-07,2018-12-08,2018-12-09,2018-12-10,2018-12-11,2018-12-12,2018-12-13
Subnautica,XOne,Adventure,0.06,2018-12-04,2018-12-05,2018-12-06,2018-12-07,2018-12-08,2018-12-09,2018-12-10
The Banner Saga Trilogy  Bonus Edition,PS4,Strategy,0.06,2018-07-27,2018-07-28,2018-07-29,2018-07-30,2018-07-31,2018-08-01,2018-08-02
Mega Man 11,XOne,Platform,0.06,2018-10-02,2018-10-03,2018-10-04,2018-10-05,2018-10-06,2018-10-07,2018-10-08
Secret of Mana,PS4,Role-Playing,0.06,2018-02-15,2018-02-16,2018-02-17,2018-02-18,2018-02-19,2018-02-20,2018-02-21
Spintires MudRunner  American Wilds,XOne,Racing,0.06,2018-10-23,2018-10-24,2018-10-25,2018-10-26,2018-10-27,2018-10-28,2018-10-29
Captain Toad Treasure Tracker,3DS,Puzzle,0.06,2018-07-13,2018-07-14,2018-07-15,2018-07-16,2018-07-17,2018-07-18,2018-07-19
Gravel,PS4,Racing,0.06,2018-02-27,2018-02-28,2018-03-01,2018-03-02,2018-03-03,2018-03-04,2018-03-05
RBI Baseball 18,PS4,Sports,0.06,2018-03-20,2018-03-21,2018-03-22,2018-03-23,2018-03-24,2018-03-25,2018-03-26
Burnout Paradise Remastered,XOne,Racing,0.06,2018-03-16,2018-03-17,2018-03-18,2018-03-19,2018-03-20,2018-03-21,2018-03-22
Rick  Morty Virtual RickAlity,PS4,Simulation,0.06,2018-04-24,2018-04-25,2018-04-26,2018-04-27,2018-04-28,2018-04-29,2018-04-30
Hello Neighbor Hide  Seek,XOne,Adventure,0.06,2018-12-07,2018-12-08,2018-12-09,2018-12-10,2018-12-11,2018-12-12,2018-12-13
Harvest Moon Light of Hope,PS4,Simulation,0.06,2018-05-29,2018-05-30,2018-05-31,2018-06-01,2018-06-02,2018-06-03,2018-06-04
Cabelas The Hunt Championship Edition Bundle,NS,Simulation,0.06,2018-11-09,2018-11-10,2018-11-11,2018-11-12,2018-11-13,2018-11-14,2018-11-15
Bass Pro Shops The Strike  Championship Edition,NS,Simulation,0.06,2018-11-09,2018-11-10,2018-11-11,2018-11-12,2018-11-13,2018-11-14,2018-11-15
Wild Guns Reloaded,NS,Shooter,0.06,2018-04-17,2018-04-18,2018-04-19,2018-04-20,2018-04-21,2018-04-22,2018-04-23
Americas Greatest Game Shows Wheel of Fortune and Jeopardy,NS,Party,0.06,2018-10-30,2018-10-31,2018-11-01,2018-11-02,2018-11-03,2018-11-04,2018-11-05
Pro Evolution Soccer 2019,PS4,Sports,0.06,2018-08-28,2018-08-29,2018-08-30,2018-08-31,2018-09-01,2018-09-02,2018-09-03
Dynasty Warriors 9,XOne,Action,0.06,2018-02-13,2018-02-14,2018-02-15,2018-02-16,2018-02-17,2018-02-18,2018-02-19
The Inpatient,PS4,Action,0.06,2018-01-23,2018-01-24,2018-01-25,2018-01-26,2018-01-27,2018-01-28,2018-01-29
Sega Genesis Classics,XOne,Misc,0.06,2018-05-29,2018-05-30,2018-05-31,2018-06-01,2018-06-02,2018-06-03,2018-06-04
Victor Vran Overkill Edition,NS,Role-Playing,0.06,2018-08-28,2018-08-29,2018-08-30,2018-08-31,2018-09-01,2018-09-02,2018-09-03
Sports Party,NS,Sports,0.06,2018-10-30,2018-10-31,2018-11-01,2018-11-02,2018-11-03,2018-11-04,2018-11-05
Fire Pro Wrestling World,PS4,Fighting,0.06,2018-08-28,2018-08-29,2018-08-30,2018-08-31,2018-09-01,2018-09-02,2018-09-03
Just Dance 2019,WiiU,Music,0.06,2018-10-23,2018-10-24,2018-10-25,2018-10-26,2018-10-27,2018-10-28,2018-10-29
Paw Patrol on a Roll,PS4,Platform,0.06,2018-10-23,2018-10-24,2018-10-25,2018-10-26,2018-10-27,2018-10-28,2018-10-29
Golf Club 2019,XOne,Sports,0.05,2018-11-13,2018-11-14,2018-11-15,2018-11-16,2018-11-17,2018-11-18,2018-11-19
Call of Duty Black Ops IIII,PC,Shooter,0.05,2018-10-12,2018-10-13,2018-10-14,2018-10-15,2018-10-16,2018-10-17,2018-10-18
Spintires MudRunner  American Wilds,NS,Racing,0.05,2018-10-23,2018-10-24,2018-10-25,2018-10-26,2018-10-27,2018-10-28,2018-10-29
Mutant Football League Dynasty Edition,PS4,Sports,0.05,2018-10-30,2018-10-31,2018-11-01,2018-11-02,2018-11-03,2018-11-04,2018-11-05
TT Isle of Man Ride on the Edge,XOne,Racing,0.05,2018-03-06,2018-03-07,2018-03-08,2018-03-09,2018-03-10,2018-03-11,2018-03-12
Warriors  Orochi 4,PS4,Action,0.05,2018-10-16,2018-10-17,2018-10-18,2018-10-19,2018-10-20,2018-10-21,2018-10-22
Wolfenstein II The New Colossus,NS,Shooter,0.05,2018-06-29,2018-06-30,2018-07-01,2018-07-02,2018-07-03,2018-07-04,2018-07-05
Conan Exiles,PS4,Action-Adventure,0.05,2018-05-08,2018-05-09,2018-05-10,2018-05-11,2018-05-12,2018-05-13,2018-05-14
NBA 2K Playgrounds 2,XOne,Sports,0.05,2018-10-16,2018-10-17,2018-10-18,2018-10-19,2018-10-20,2018-10-21,2018-10-22
Golf Club 2019,PS4,Sports,0.05,2018-11-13,2018-11-14,2018-11-15,2018-11-16,2018-11-17,2018-11-18,2018-11-19
F1 2018,XOne,Racing,0.05,2018-08-24,2018-08-25,2018-08-26,2018-08-27,2018-08-28,2018-08-29,2018-08-30
Just Dance 2019,X360,Music,0.05,2018-10-23,2018-10-24,2018-10-25,2018-10-26,2018-10-27,2018-10-28,2018-10-29
Home Sweet Home 2017,PS4,Adventure,0.05,2018-10-16,2018-10-17,2018-10-18,2018-10-19,2018-10-20,2018-10-21,2018-10-22
Hello Neighbor Hide  Seek,PS4,Adventure,0.05,2018-12-07,2018-12-08,2018-12-09,2018-12-10,2018-12-11,2018-12-12,2018-12-13
Call of Cthulhu,XOne,Role-Playing,0.05,2018-10-30,2018-10-31,2018-11-01,2018-11-02,2018-11-03,2018-11-04,2018-11-05
Shadows Awakening,PS4,Role-Playing,0.05,2018-09-04,2018-09-05,2018-09-06,2018-09-07,2018-09-08,2018-09-09,2018-09-10
Digimon Story Cyber Sleuth  Hackers Memory,PS4,Role-Playing,0.05,2018-01-19,2018-01-20,2018-01-21,2018-01-22,2018-01-23,2018-01-24,2018-01-25
The Banner Saga Trilogy  Bonus Edition,XOne,Strategy,0.05,2018-07-27,2018-07-28,2018-07-29,2018-07-30,2018-07-31,2018-08-01,2018-08-02
Shining Resonance Refrain,NS,Role-Playing,0.05,2018-07-10,2018-07-11,2018-07-12,2018-07-13,2018-07-14,2018-07-15,2018-07-16
The Invisible Hours,XOne,Adventure,0.05,2018-04-24,2018-04-25,2018-04-26,2018-04-27,2018-04-28,2018-04-29,2018-04-30
Extinction,PS4,Action,0.05,2018-04-10,2018-04-11,2018-04-12,2018-04-13,2018-04-14,2018-04-15,2018-04-16
Metal Gear Survive,XOne,Action,0.05,2018-02-20,2018-02-21,2018-02-22,2018-02-23,2018-02-24,2018-02-25,2018-02-26
The Long Dark,XOne,Simulation,0.05,2018-09-04,2018-09-05,2018-09-06,2018-09-07,2018-09-08,2018-09-09,2018-09-10
Strange Brigade,PS4,Shooter,0.05,2018-08-28,2018-08-29,2018-08-30,2018-08-31,2018-09-01,2018-09-02,2018-09-03
Scribblenauts Mega Pack,NS,Adventure,0.05,2018-09-18,2018-09-19,2018-09-20,2018-09-21,2018-09-22,2018-09-23,2018-09-24
Zone of the Enders The 2nd Runner MARS,PS4,Simulation,0.05,2018-09-04,2018-09-05,2018-09-06,2018-09-07,2018-09-08,2018-09-09,2018-09-10
Train Sim World,PS4,Simulation,0.05,2018-07-24,2018-07-25,2018-07-26,2018-07-27,2018-07-28,2018-07-29,2018-07-30
TT Isle of Man Ride on the Edge,PS4,Racing,0.05,2018-03-06,2018-03-07,2018-03-08,2018-03-09,2018-03-10,2018-03-11,2018-03-12
Atari Flashback Classics Volume 3,PS4,Misc,0.05,2018-09-28,2018-09-29,2018-09-30,2018-10-01,2018-10-02,2018-10-03,2018-10-04
Party Arcade,NS,Party,0.05,2018-11-09,2018-11-10,2018-11-11,2018-11-12,2018-11-13,2018-11-14,2018-11-15
Street Fighter 30th Anniversary Collection,XOne,Fighting,0.05,2018-05-29,2018-05-30,2018-05-31,2018-06-01,2018-06-02,2018-06-03,2018-06-04
The Seven Deadly Sins Knights of Britannia,PS4,Fighting,0.05,2018-02-09,2018-02-10,2018-02-11,2018-02-12,2018-02-13,2018-02-14,2018-02-15
Shenmue I  II,XOne,Action-Adventure,0.05,2018-08-21,2018-08-22,2018-08-23,2018-08-24,2018-08-25,2018-08-26,2018-08-27
Conan Exiles,XOne,Action-Adventure,0.05,2018-05-08,2018-05-09,2018-05-10,2018-05-11,2018-05-12,2018-05-13,2018-05-14
F1 2018,PS4,Racing,0.05,2018-08-24,2018-08-25,2018-08-26,2018-08-27,2018-08-28,2018-08-29,2018-08-30
Divinity Original Sin II,PS4,Role-Playing,0.04,2018-08-31,2018-09-01,2018-09-02,2018-09-03,2018-09-04,2018-09-05,2018-09-06
BlazBlue Cross Tag Battle,NS,Fighting,0.04,2018-06-05,2018-06-06,2018-06-07,2018-06-08,2018-06-09,2018-06-10,2018-06-11
Disgaea 1 Complete,PS4,Role-Playing,0.04,2018-10-09,2018-10-10,2018-10-11,2018-10-12,2018-10-13,2018-10-14,2018-10-15
The Long Dark,PS4,Simulation,0.04,2018-09-04,2018-09-05,2018-09-06,2018-09-07,2018-09-08,2018-09-09,2018-09-10
BlazBlue Cross Tag Battle,PS4,Fighting,0.04,2018-06-05,2018-06-06,2018-06-07,2018-06-08,2018-06-09,2018-06-10,2018-06-11
Fishing Sim World,XOne,Simulation,0.04,2018-09-18,2018-09-19,2018-09-20,2018-09-21,2018-09-22,2018-09-23,2018-09-24
Red Faction Guerrilla ReMarstered,XOne,Shooter,0.04,2018-07-03,2018-07-04,2018-07-05,2018-07-06,2018-07-07,2018-07-08,2018-07-09
Strange Brigade,XOne,Shooter,0.04,2018-08-28,2018-08-29,2018-08-30,2018-08-31,2018-09-01,2018-09-02,2018-09-03
ARK Park,PS4,Adventure,0.04,2018-10-30,2018-10-31,2018-11-01,2018-11-02,2018-11-03,2018-11-04,2018-11-05
Owlboy,PS4,Platform,0.04,2018-05-29,2018-05-30,2018-05-31,2018-06-01,2018-06-02,2018-06-03,2018-06-04
Dont Starve,PS4,Adventure,0.04,2018-04-17,2018-04-18,2018-04-19,2018-04-20,2018-04-21,2018-04-22,2018-04-23
Mega Man X Legacy Collection 12,XOne,Platform,0.04,2018-07-24,2018-07-25,2018-07-26,2018-07-27,2018-07-28,2018-07-29,2018-07-30
Paw Patrol on a Roll,XOne,Platform,0.04,2018-10-23,2018-10-24,2018-10-25,2018-10-26,2018-10-27,2018-10-28,2018-10-29
Cat Quest,NS,Adventure,0.04,2018-10-09,2018-10-10,2018-10-11,2018-10-12,2018-10-13,2018-10-14,2018-10-15
Toki Collectors Edition,NS,Platform,0.04,2018-11-22,2018-11-23,2018-11-24,2018-11-25,2018-11-26,2018-11-27,2018-11-28
Scribblenauts Showdown,PS4,Platform,0.04,2018-03-06,2018-03-07,2018-03-08,2018-03-09,2018-03-10,2018-03-11,2018-03-12
Dont Starve Giant Edition,XOne,Adventure,0.04,2018-04-17,2018-04-18,2018-04-19,2018-04-20,2018-04-21,2018-04-22,2018-04-23
Adventure Time Pirates of the Enchiridion,XOne,Adventure,0.04,2018-07-17,2018-07-18,2018-07-19,2018-07-20,2018-07-21,2018-07-22,2018-07-23
Scribblenauts Mega Pack,XOne,Adventure,0.04,2018-09-18,2018-09-19,2018-09-20,2018-09-21,2018-09-22,2018-09-23,2018-09-24
Dark Souls Trilogy,XOne,Action,0.04,2018-10-19,2018-10-20,2018-10-21,2018-10-22,2018-10-23,2018-10-24,2018-10-25
Surviving Mars,XOne,Simulation,0.04,2018-03-15,2018-03-16,2018-03-17,2018-03-18,2018-03-19,2018-03-20,2018-03-21
The Alliance Alive,3DS,Role-Playing,0.04,2018-03-27,2018-03-28,2018-03-29,2018-03-30,2018-03-31,2018-04-01,2018-04-02
Atari Flashback Classics Volume 1,NS,Misc,0.04,2018-12-13,2018-12-14,2018-12-15,2018-12-16,2018-12-17,2018-12-18,2018-12-19
Carnival Games,PS4,Party,0.04,2018-11-06,2018-11-07,2018-11-08,2018-11-09,2018-11-10,2018-11-11,2018-11-12
Atari Flashback Classics Volume 3,XOne,Misc,0.04,2018-09-28,2018-09-29,2018-09-30,2018-10-01,2018-10-02,2018-10-03,2018-10-04
Hotel Transylvania 3 Monsters Overboard,XOne,Action-Adventure,0.04,2018-07-10,2018-07-11,2018-07-12,2018-07-13,2018-07-14,2018-07-15,2018-07-16
Yomawari The Long Night Collection,NS,Action-Adventure,0.04,2018-10-30,2018-10-31,2018-11-01,2018-11-02,2018-11-03,2018-11-04,2018-11-05
My Riding Stables Life with Horses,NS,Simulation,0.04,2018-11-13,2018-11-14,2018-11-15,2018-11-16,2018-11-17,2018-11-18,2018-11-19
Fishing Sim World,PS4,Simulation,0.04,2018-09-18,2018-09-19,2018-09-20,2018-09-21,2018-09-22,2018-09-23,2018-09-24
Red Faction Guerrilla ReMarstered,PS4,Shooter,0.04,2018-07-03,2018-07-04,2018-07-05,2018-07-06,2018-07-07,2018-07-08,2018-07-09
MXGP Pro,PS4,Racing,0.04,2018-07-10,2018-07-11,2018-07-12,2018-07-13,2018-07-14,2018-07-15,2018-07-16
Dead Cells,PS4,Action,0.04,2018-08-15,2018-08-16,2018-08-17,2018-08-18,2018-08-19,2018-08-20,2018-08-21
Onrush,PS4,Racing,0.04,2018-06-05,2018-06-06,2018-06-07,2018-06-08,2018-06-09,2018-06-10,2018-06-11
Apex Construct,PS4,Action,0.04,2018-08-28,2018-08-29,2018-08-30,2018-08-31,2018-09-01,2018-09-02,2018-09-03
Extinction,XOne,Action,0.04,2018-04-10,2018-04-11,2018-04-12,2018-04-13,2018-04-14,2018-04-15,2018-04-16
The Escapists 2,NS,Action,0.04,2018-10-30,2018-10-31,2018-11-01,2018-11-02,2018-11-03,2018-11-04,2018-11-05
Gravel,XOne,Racing,0.04,2018-02-27,2018-02-28,2018-03-01,2018-03-02,2018-03-03,2018-03-04,2018-03-05
Devil May Cry HD Collection,XOne,Action,0.04,2018-03-13,2018-03-14,2018-03-15,2018-03-16,2018-03-17,2018-03-18,2018-03-19
Carnival Games,XOne,Party,0.04,2018-11-06,2018-11-07,2018-11-08,2018-11-09,2018-11-10,2018-11-11,2018-11-12
8Bit Armies,XOne,Strategy,0.03,2018-09-21,2018-09-22,2018-09-23,2018-09-24,2018-09-25,2018-09-26,2018-09-27
Atelier Lydie  Suelle The Alchemists and the Mysterious Paintings,PS4,Role-Playing,0.03,2018-03-27,2018-03-28,2018-03-29,2018-03-30,2018-03-31,2018-04-01,2018-04-02
Shining Resonance Refrain,PS4,Role-Playing,0.03,2018-07-10,2018-07-11,2018-07-12,2018-07-13,2018-07-14,2018-07-15,2018-07-16
The Witch and the Hundred Knight 2,PS4,Role-Playing,0.03,2018-03-27,2018-03-28,2018-03-29,2018-03-30,2018-03-31,2018-04-01,2018-04-02
Warriors  Orochi 4,XOne,Action,0.03,2018-10-16,2018-10-17,2018-10-18,2018-10-19,2018-10-20,2018-10-21,2018-10-22
8Bit Armies,PS4,Strategy,0.03,2018-09-21,2018-09-22,2018-09-23,2018-09-24,2018-09-25,2018-09-26,2018-09-27
Operation Warcade,PS4,Shooter,0.03,2018-09-04,2018-09-05,2018-09-06,2018-09-07,2018-09-08,2018-09-09,2018-09-10
Omen of Sorrow,PS4,Fighting,0.03,2018-11-16,2018-11-17,2018-11-18,2018-11-19,2018-11-20,2018-11-21,2018-11-22
World of Final Fantasy Maxima,XOne,Role-Playing,0.03,2018-11-06,2018-11-07,2018-11-08,2018-11-09,2018-11-10,2018-11-11,2018-11-12
Divinity Original Sin II,XOne,Role-Playing,0.03,2018-08-31,2018-09-01,2018-09-02,2018-09-03,2018-09-04,2018-09-05,2018-09-06
PennyPunching Princess,NS,Misc,0.03,2018-04-03,2018-04-04,2018-04-05,2018-04-06,2018-04-07,2018-04-08,2018-04-09
Persona 5 Dancing in Starlight,PS4,Music,0.03,2018-12-04,2018-12-05,2018-12-06,2018-12-07,2018-12-08,2018-12-09,2018-12-10
Little Dragons Cafe,PS4,Simulation,0.03,2018-08-24,2018-08-25,2018-08-26,2018-08-27,2018-08-28,2018-08-29,2018-08-30
New Gundam Breaker,PS4,Action,0.03,2018-06-22,2018-06-23,2018-06-24,2018-06-25,2018-06-26,2018-06-27,2018-06-28
The Longest 5 Minutes,NS,Action,0.03,2018-02-13,2018-02-14,2018-02-15,2018-02-16,2018-02-17,2018-02-18,2018-02-19
Battle Chasers Nightwar,NS,Role-Playing,0.03,2018-05-15,2018-05-16,2018-05-17,2018-05-18,2018-05-19,2018-05-20,2018-05-21
Shadows Awakening,XOne,Role-Playing,0.03,2018-09-04,2018-09-05,2018-09-06,2018-09-07,2018-09-08,2018-09-09,2018-09-10
Disgaea 1 Complete,NS,Role-Playing,0.03,2018-10-09,2018-10-10,2018-10-11,2018-10-12,2018-10-13,2018-10-14,2018-10-15
Blade Strangers,NS,Fighting,0.03,2018-08-28,2018-08-29,2018-08-30,2018-08-31,2018-09-01,2018-09-02,2018-09-03
South Park The Stick of Truth,PS4,Role-Playing,0.03,2018-02-13,2018-02-14,2018-02-15,2018-02-16,2018-02-17,2018-02-18,2018-02-19
Immortal Unchained,XOne,Role-Playing,0.03,2018-09-07,2018-09-08,2018-09-09,2018-09-10,2018-09-11,2018-09-12,2018-09-13
Immortal Unchained,PS4,Role-Playing,0.03,2018-09-07,2018-09-08,2018-09-09,2018-09-10,2018-09-11,2018-09-12,2018-09-13
Valkyria Chronicles 4,XOne,Role-Playing,0.03,2018-09-25,2018-09-26,2018-09-27,2018-09-28,2018-09-29,2018-09-30,2018-10-01
AllStar Fruit Racing,PS4,Racing,0.03,2018-08-21,2018-08-22,2018-08-23,2018-08-24,2018-08-25,2018-08-26,2018-08-27
Earthfall,XOne,Action-Adventure,0.03,2018-07-13,2018-07-14,2018-07-15,2018-07-16,2018-07-17,2018-07-18,2018-07-19
MXGP Pro,XOne,Racing,0.03,2018-07-10,2018-07-11,2018-07-12,2018-07-13,2018-07-14,2018-07-15,2018-07-16
Aqua Moto Racing Utopia,NS,Racing,0.03,2018-03-27,2018-03-28,2018-03-29,2018-03-30,2018-03-31,2018-04-01,2018-04-02
Ride 3,XOne,Racing,0.03,2018-11-30,2018-12-01,2018-12-02,2018-12-03,2018-12-04,2018-12-05,2018-12-06
My Riding Stables Life with Horses,PS4,Simulation,0.03,2018-11-13,2018-11-14,2018-11-15,2018-11-16,2018-11-17,2018-11-18,2018-11-19
Mutant Football League Dynasty Edition,XOne,Sports,0.03,2018-10-30,2018-10-31,2018-11-01,2018-11-02,2018-11-03,2018-11-04,2018-11-05
Pure Farming 2018,XOne,Simulation,0.03,2018-03-13,2018-03-14,2018-03-15,2018-03-16,2018-03-17,2018-03-18,2018-03-19
Hellblade Senuas Sacrifice,PS4,Action-Adventure,0.03,2018-12-04,2018-12-05,2018-12-06,2018-12-07,2018-12-08,2018-12-09,2018-12-10
Surviving Mars,PS4,Simulation,0.03,2018-03-15,2018-03-16,2018-03-17,2018-03-18,2018-03-19,2018-03-20,2018-03-21
Railway Empire,XOne,Simulation,0.03,2018-01-30,2018-01-31,2018-02-01,2018-02-02,2018-02-03,2018-02-04,2018-02-05
8 to Glory The Official Game of the PBR,PS4,Sports,0.03,2018-10-30,2018-10-31,2018-11-01,2018-11-02,2018-11-03,2018-11-04,2018-11-05
Ride 3,PS4,Racing,0.03,2018-11-30,2018-12-01,2018-12-02,2018-12-03,2018-12-04,2018-12-05,2018-12-06
Earthfall,PS4,Action-Adventure,0.03,2018-07-13,2018-07-14,2018-07-15,2018-07-16,2018-07-17,2018-07-18,2018-07-19
Super Bomberman R,XOne,Puzzle,0.03,2018-06-12,2018-06-13,2018-06-14,2018-06-15,2018-06-16,2018-06-17,2018-06-18
Super Bomberman R,PS4,Puzzle,0.03,2018-06-12,2018-06-13,2018-06-14,2018-06-15,2018-06-16,2018-06-17,2018-06-18
Hotel Transylvania 3 Monsters Overboard,PS4,Action-Adventure,0.03,2018-07-10,2018-07-11,2018-07-12,2018-07-13,2018-07-14,2018-07-15,2018-07-16
Monster Energy Supercross  The Official Videogame,NS,Racing,0.03,2018-02-13,2018-02-14,2018-02-15,2018-02-16,2018-02-17,2018-02-18,2018-02-19
Onrush,XOne,Racing,0.03,2018-06-05,2018-06-06,2018-06-07,2018-06-08,2018-06-09,2018-06-10,2018-06-11
Snow Moto Racing Freedom,NS,Racing,0.03,2018-03-27,2018-03-28,2018-03-29,2018-03-30,2018-03-31,2018-04-01,2018-04-02
Monster Boy and the Cursed Kingdom,NS,Action-Adventure,0.03,2018-11-06,2018-11-07,2018-11-08,2018-11-09,2018-11-10,2018-11-11,2018-11-12
Dakar 18,PS4,Racing,0.03,2018-09-25,2018-09-26,2018-09-27,2018-09-28,2018-09-29,2018-09-30,2018-10-01
The Raven Remastered,PS4,Adventure,0.03,2018-03-13,2018-03-14,2018-03-15,2018-03-16,2018-03-17,2018-03-18,2018-03-19
Train Sim World,XOne,Simulation,0.03,2018-07-24,2018-07-25,2018-07-26,2018-07-27,2018-07-28,2018-07-29,2018-07-30
Scribblenauts Showdown,XOne,Platform,0.03,2018-03-06,2018-03-07,2018-03-08,2018-03-09,2018-03-10,2018-03-11,2018-03-12
Jake Hunter Detective Story Ghost of the Dusk,3DS,Adventure,0.03,2018-09-28,2018-09-29,2018-09-30,2018-10-01,2018-10-02,2018-10-03,2018-10-04
Owlboy,NS,Platform,0.03,2018-05-29,2018-05-30,2018-05-31,2018-06-01,2018-06-02,2018-06-03,2018-06-04
Tennis World Tour,XOne,Sports,0.03,2018-05-22,2018-05-23,2018-05-24,2018-05-25,2018-05-26,2018-05-27,2018-05-28
Tennis World Tour,PS4,Sports,0.03,2018-05-22,2018-05-23,2018-05-24,2018-05-25,2018-05-26,2018-05-27,2018-05-28
Salt and Sanctuary,NS,Platform,0.03,2018-12-11,2018-12-12,2018-12-13,2018-12-14,2018-12-15,2018-12-16,2018-12-17
Ys VIII Lacrimosa of Dana,NS,Role-Playing,0.03,2018-06-26,2018-06-27,2018-06-28,2018-06-29,2018-06-30,2018-07-01,2018-07-02
Punch Line,PS4,Adventure,0.03,2018-10-09,2018-10-10,2018-10-11,2018-10-12,2018-10-13,2018-10-14,2018-10-15
de Blob 2,NS,Platform,0.03,2018-08-28,2018-08-29,2018-08-30,2018-08-31,2018-09-01,2018-09-02,2018-09-03
Scribblenauts Mega Pack,PS4,Adventure,0.03,2018-09-18,2018-09-19,2018-09-20,2018-09-21,2018-09-22,2018-09-23,2018-09-24
Scribblenauts Showdown,NS,Platform,0.03,2018-03-06,2018-03-07,2018-03-08,2018-03-09,2018-03-10,2018-03-11,2018-03-12
This Is the Police 2,XOne,Strategy,0.02,2018-09-25,2018-09-26,2018-09-27,2018-09-28,2018-09-29,2018-09-30,2018-10-01
Tennis World Tour,NS,Sports,0.02,2018-07-10,2018-07-11,2018-07-12,2018-07-13,2018-07-14,2018-07-15,2018-07-16
Pro Evolution Soccer 2019,XOne,Sports,0.02,2018-08-28,2018-08-29,2018-08-30,2018-08-31,2018-09-01,2018-09-02,2018-09-03
Legendary Fishing,PS4,Sports,0.02,2018-09-18,2018-09-19,2018-09-20,2018-09-21,2018-09-22,2018-09-23,2018-09-24
8 to Glory The Official Game of the PBR,XOne,Sports,0.02,2018-10-30,2018-10-31,2018-11-01,2018-11-02,2018-11-03,2018-11-04,2018-11-05
Code Realize  Bouquet of Rainbows,PS4,Visual Novel,0.02,2018-03-30,2018-03-31,2018-04-01,2018-04-02,2018-04-03,2018-04-04,2018-04-05
Hunting Simulator,NS,Shooter,0.02,2018-07-10,2018-07-11,2018-07-12,2018-07-13,2018-07-14,2018-07-15,2018-07-16
Black Clover Quartet Knights,PS4,Shooter,0.02,2018-09-14,2018-09-15,2018-09-16,2018-09-17,2018-09-18,2018-09-19,2018-09-20
Railway Empire,PS4,Simulation,0.02,2018-01-30,2018-01-31,2018-02-01,2018-02-02,2018-02-03,2018-02-04,2018-02-05
Armello,PS4,Strategy,0.02,2018-03-13,2018-03-14,2018-03-15,2018-03-16,2018-03-17,2018-03-18,2018-03-19
Space Hulk Tactics,XOne,Strategy,0.02,2018-10-09,2018-10-10,2018-10-11,2018-10-12,2018-10-13,2018-10-14,2018-10-15
Space Hulk Tactics,PS4,Strategy,0.02,2018-10-09,2018-10-10,2018-10-11,2018-10-12,2018-10-13,2018-10-14,2018-10-15
Air Missions Hind,PS4,Simulation,0.02,2018-10-09,2018-10-10,2018-10-11,2018-10-12,2018-10-13,2018-10-14,2018-10-15
Sudden Strike 4,XOne,Strategy,0.02,2018-06-26,2018-06-27,2018-06-28,2018-06-29,2018-06-30,2018-07-01,2018-07-02
Pure Farming 2018,PS4,Simulation,0.02,2018-03-13,2018-03-14,2018-03-15,2018-03-16,2018-03-17,2018-03-18,2018-03-19
This Is the Police 2,PS4,Strategy,0.02,2018-09-25,2018-09-26,2018-09-27,2018-09-28,2018-09-29,2018-09-30,2018-10-01
Bridge Constructor Portal,PS4,Simulation,0.02,2018-08-28,2018-08-29,2018-08-30,2018-08-31,2018-09-01,2018-09-02,2018-09-03
Flipping Death,PS4,Platform,0.02,2018-10-16,2018-10-17,2018-10-18,2018-10-19,2018-10-20,2018-10-21,2018-10-22
Runner3,NS,Platform,0.02,2018-05-22,2018-05-23,2018-05-24,2018-05-25,2018-05-26,2018-05-27,2018-05-28
Rad Rodgers,XOne,Platform,0.02,2018-02-21,2018-02-22,2018-02-23,2018-02-24,2018-02-25,2018-02-26,2018-02-27
Rad Rodgers,PS4,Platform,0.02,2018-02-21,2018-02-22,2018-02-23,2018-02-24,2018-02-25,2018-02-26,2018-02-27
The Town of Light,NS,Adventure,0.02,2018-01-01,2018-01-02,2018-01-03,2018-01-04,2018-01-05,2018-01-06,2018-01-07
Dont Knock Twice,PS4,Adventure,0.02,2018-02-27,2018-02-28,2018-03-01,2018-03-02,2018-03-03,2018-03-04,2018-03-05
Monster Boy and the Cursed Kingdom,PS4,Platform,0.02,2018-11-06,2018-11-07,2018-11-08,2018-11-09,2018-11-10,2018-11-11,2018-11-12
Trailblazers,PS4,Racing,0.02,2018-05-08,2018-05-09,2018-05-10,2018-05-11,2018-05-12,2018-05-13,2018-05-14
ATV Drift  Tricks,XOne,Racing,0.02,2018-11-20,2018-11-21,2018-11-22,2018-11-23,2018-11-24,2018-11-25,2018-11-26
Gear Club Unlimited 2,NS,Racing,0.02,2018-12-04,2018-12-05,2018-12-06,2018-12-07,2018-12-08,2018-12-09,2018-12-10
Bridge Constructor Portal,XOne,Puzzle,0.02,2018-08-28,2018-08-29,2018-08-30,2018-08-31,2018-09-01,2018-09-02,2018-09-03
Warhammer 40000 Inquisitor  Martyr,XOne,Action,0.02,2018-08-28,2018-08-29,2018-08-30,2018-08-31,2018-09-01,2018-09-02,2018-09-03
Sushi Striker The Way of Sushido,NS,Puzzle,0.02,2018-06-08,2018-06-09,2018-06-10,2018-06-11,2018-06-12,2018-06-13,2018-06-14
Agony,XOne,Action-Adventure,0.02,2018-05-29,2018-05-30,2018-05-31,2018-06-01,2018-06-02,2018-06-03,2018-06-04
The Raven Remastered,XOne,Adventure,0.02,2018-03-13,2018-03-14,2018-03-15,2018-03-16,2018-03-17,2018-03-18,2018-03-19
Beast Quest,XOne,Action-Adventure,0.02,2018-03-13,2018-03-14,2018-03-15,2018-03-16,2018-03-17,2018-03-18,2018-03-19
Blade Strangers,PS4,Fighting,0.02,2018-08-28,2018-08-29,2018-08-30,2018-08-31,2018-09-01,2018-09-02,2018-09-03
Beast Quest,PS4,Action-Adventure,0.02,2018-03-13,2018-03-14,2018-03-15,2018-03-16,2018-03-17,2018-03-18,2018-03-19
SNK Heroines Tag Team Frenzy,NS,Fighting,0.02,2018-09-07,2018-09-08,2018-09-09,2018-09-10,2018-09-11,2018-09-12,2018-09-13
Override Mech City Brawl,XOne,Action-Adventure,0.02,2018-12-04,2018-12-05,2018-12-06,2018-12-07,2018-12-08,2018-12-09,2018-12-10
Agony,PS4,Action-Adventure,0.02,2018-05-29,2018-05-30,2018-05-31,2018-06-01,2018-06-02,2018-06-03,2018-06-04
Hellblade Senuas Sacrifice,XOne,Action-Adventure,0.02,2018-12-04,2018-12-05,2018-12-06,2018-12-07,2018-12-08,2018-12-09,2018-12-10
Persona 3 Dancing in Moonlight,PS4,Music,0.02,2018-12-04,2018-12-05,2018-12-06,2018-12-07,2018-12-08,2018-12-09,2018-12-10
Minecraft Story Mode  Season Two,NS,Adventure,0.02,2018-11-06,2018-11-07,2018-11-08,2018-11-09,2018-11-10,2018-11-11,2018-11-12
Death Mark,NS,Adventure,0.02,2018-10-31,2018-11-01,2018-11-02,2018-11-03,2018-11-04,2018-11-05,2018-11-06
Override Mech City Brawl,PS4,Action-Adventure,0.02,2018-12-04,2018-12-05,2018-12-06,2018-12-07,2018-12-08,2018-12-09,2018-12-10
Death Mark,PS4,Misc,0.02,2018-10-31,2018-11-01,2018-11-02,2018-11-03,2018-11-04,2018-11-05,2018-11-06
SNK 40th Anniversary Collection,NS,Misc,0.02,2018-11-13,2018-11-14,2018-11-15,2018-11-16,2018-11-17,2018-11-18,2018-11-19
Hello Kitty Kruisers,NS,Misc,0.02,2018-05-15,2018-05-16,2018-05-17,2018-05-18,2018-05-19,2018-05-20,2018-05-21
ShaqFu A Legend Reborn,XOne,Action,0.02,2018-06-05,2018-06-06,2018-06-07,2018-06-08,2018-06-09,2018-06-10,2018-06-11
Darkest Dungeon,PS4,Role-Playing,0.02,2018-04-24,2018-04-25,2018-04-26,2018-04-27,2018-04-28,2018-04-29,2018-04-30
Darkest Dungeon,NS,Role-Playing,0.02,2018-04-24,2018-04-25,2018-04-26,2018-04-27,2018-04-28,2018-04-29,2018-04-30
South Park The Stick of Truth,XOne,Role-Playing,0.02,2018-02-13,2018-02-14,2018-02-15,2018-02-16,2018-02-17,2018-02-18,2018-02-19
Valthirian Arc Hero School Story,PS4,Role-Playing,0.02,2018-09-28,2018-09-29,2018-09-30,2018-10-01,2018-10-02,2018-10-03,2018-10-04
Metal Max Xeno,PS4,Role-Playing,0.02,2018-09-25,2018-09-26,2018-09-27,2018-09-28,2018-09-29,2018-09-30,2018-10-01
Warhammer 40000 Inquisitor  Martyr,PS4,Action,0.02,2018-08-28,2018-08-29,2018-08-30,2018-08-31,2018-09-01,2018-09-02,2018-09-03
Yonder The Cloud Catcher Chronicles,NS,Action,0.02,2018-06-12,2018-06-13,2018-06-14,2018-06-15,2018-06-16,2018-06-17,2018-06-18
Warhammer 40000 Deathwatch,PS4,Action,0.02,2018-08-14,2018-08-15,2018-08-16,2018-08-17,2018-08-18,2018-08-19,2018-08-20
Past Cure,PS4,Action,0.02,2018-02-23,2018-02-24,2018-02-25,2018-02-26,2018-02-27,2018-02-28,2018-03-01
Shining Resonance Refrain,XOne,Role-Playing,0.02,2018-07-10,2018-07-11,2018-07-12,2018-07-13,2018-07-14,2018-07-15,2018-07-16
The Lost Child,NS,Role-Playing,0.02,2018-06-19,2018-06-20,2018-06-21,2018-06-22,2018-06-23,2018-06-24,2018-06-25
Labyrinth of Refrain Coven of Dusk,NS,Role-Playing,0.02,2018-09-18,2018-09-19,2018-09-20,2018-09-21,2018-09-22,2018-09-23,2018-09-24
Titan Quest,PS4,Action,0.02,2018-03-20,2018-03-21,2018-03-22,2018-03-23,2018-03-24,2018-03-25,2018-03-26
Atelier Lydie  Suelle The Alchemists and the Mysterious Paintings,NS,Role-Playing,0.02,2018-03-27,2018-03-28,2018-03-29,2018-03-30,2018-03-31,2018-04-01,2018-04-02
Titan Quest,XOne,Action,0.02,2018-03-20,2018-03-21,2018-03-22,2018-03-23,2018-03-24,2018-03-25,2018-03-26
Past Cure,XOne,Action,0.02,2018-02-23,2018-02-24,2018-02-25,2018-02-26,2018-02-27,2018-02-28,2018-03-01
ShaqFu A Legend Reborn,NS,Action,0.02,2018-06-05,2018-06-06,2018-06-07,2018-06-08,2018-06-09,2018-06-10,2018-06-11
ShaqFu A Legend Reborn,PS4,Action,0.02,2018-06-05,2018-06-06,2018-06-07,2018-06-08,2018-06-09,2018-06-10,2018-06-11
Portal Knights,NS,Role-Playing,0.02,2018-02-13,2018-02-14,2018-02-15,2018-02-16,2018-02-17,2018-02-18,2018-02-19
Sushi Striker The Way of Sushido,3DS,Puzzle,0.02,2018-06-08,2018-06-09,2018-06-10,2018-06-11,2018-06-12,2018-06-13,2018-06-14
Code of  Princess EX,NS,Action,0.02,2018-07-31,2018-08-01,2018-08-02,2018-08-03,2018-08-04,2018-08-05,2018-08-06
428 Shibuya Scramble,PS4,Visual Novel,0.01,2018-09-04,2018-09-05,2018-09-06,2018-09-07,2018-09-08,2018-09-09,2018-09-10
Jagged Alliance Rage,PS4,Strategy,0.01,2018-12-07,2018-12-08,2018-12-09,2018-12-10,2018-12-11,2018-12-12,2018-12-13
Mercenaries Saga Chronicles,NS,Strategy,0.01,2018-09-11,2018-09-12,2018-09-13,2018-09-14,2018-09-15,2018-09-16,2018-09-17
The Lost Child,PS4,Action,0.01,2018-06-19,2018-06-20,2018-06-21,2018-06-22,2018-06-23,2018-06-24,2018-06-25
Labyrinth of Refrain Coven of Dusk,PS4,Action,0.01,2018-09-18,2018-09-19,2018-09-20,2018-09-21,2018-09-22,2018-09-23,2018-09-24
Jagged Alliance Rage,XOne,Strategy,0.01,2018-12-07,2018-12-08,2018-12-09,2018-12-10,2018-12-11,2018-12-12,2018-12-13
This Is the Police 2,NS,Strategy,0.01,2018-09-25,2018-09-26,2018-09-27,2018-09-28,2018-09-29,2018-09-30,2018-10-01
Flipping Death,NS,Adventure,0.01,2018-10-16,2018-10-17,2018-10-18,2018-10-19,2018-10-20,2018-10-21,2018-10-22
God Wars The Complete Legend,NS,Strategy,0.01,2018-09-04,2018-09-05,2018-09-06,2018-09-07,2018-09-08,2018-09-09,2018-09-10
Crayola Scoot,PS4,Sports,0.01,2018-10-16,2018-10-17,2018-10-18,2018-10-19,2018-10-20,2018-10-21,2018-10-22
Yokus Island Express,XOne,Action,0.01,2018-06-19,2018-06-20,2018-06-21,2018-06-22,2018-06-23,2018-06-24,2018-06-25
Nobunagas Ambition Taishi,PS4,Strategy,0.01,2018-06-05,2018-06-06,2018-06-07,2018-06-08,2018-06-09,2018-06-10,2018-06-11
Crayola Scoot,NS,Sports,0.01,2018-10-16,2018-10-17,2018-10-18,2018-10-19,2018-10-20,2018-10-21,2018-10-22
Crayola Scoot,XOne,Sports,0.01,2018-10-16,2018-10-17,2018-10-18,2018-10-19,2018-10-20,2018-10-21,2018-10-22
Legendary Fishing,NS,Sports,0.01,2018-09-18,2018-09-19,2018-09-20,2018-09-21,2018-09-22,2018-09-23,2018-09-24
Adventure Time Pirates of the Enchiridion,NS,Adventure,0.01,2018-07-17,2018-07-18,2018-07-19,2018-07-20,2018-07-21,2018-07-22,2018-07-23
Adventure Time Pirates of the Enchiridion,PS4,Adventure,0.01,2018-07-17,2018-07-18,2018-07-19,2018-07-20,2018-07-21,2018-07-22,2018-07-23
Yokus Island Express,PS4,Action,0.01,2018-06-19,2018-06-20,2018-06-21,2018-06-22,2018-06-23,2018-06-24,2018-06-25
Titan Quest,NS,Action,0.01,2018-07-31,2018-08-01,2018-08-02,2018-08-03,2018-08-04,2018-08-05,2018-08-06
Yokus Island Express,NS,Action,0.01,2018-06-19,2018-06-20,2018-06-21,2018-06-22,2018-06-23,2018-06-24,2018-06-25
VRally 4,PS4,Racing,0.01,2018-09-11,2018-09-12,2018-09-13,2018-09-14,2018-09-15,2018-09-16,2018-09-17
Trailblazers,NS,Racing,0.01,2018-04-15,2018-04-16,2018-04-17,2018-04-18,2018-04-19,2018-04-20,2018-04-21
VRally 4,XOne,Racing,0.01,2018-09-11,2018-09-12,2018-09-13,2018-09-14,2018-09-15,2018-09-16,2018-09-17
Megadimension Neptunia VIIR,PS4,Role-Playing,0.01,2018-05-08,2018-05-09,2018-05-10,2018-05-11,2018-05-12,2018-05-13,2018-05-14
ATV Drift  Tricks,NS,Racing,0.01,2018-11-22,2018-11-23,2018-11-24,2018-11-25,2018-11-26,2018-11-27,2018-11-28
Dakar 18,XOne,Racing,0.01,2018-09-25,2018-09-26,2018-09-27,2018-09-28,2018-09-29,2018-09-30,2018-10-01
GRIP Combat Racing,NS,Racing,0.01,2018-11-06,2018-11-07,2018-11-08,2018-11-09,2018-11-10,2018-11-11,2018-11-12
GRIP Combat Racing,PS4,Racing,0.01,2018-11-06,2018-11-07,2018-11-08,2018-11-09,2018-11-10,2018-11-11,2018-11-12
AllStar Fruit Racing,NS,Racing,0.01,2018-08-21,2018-08-22,2018-08-23,2018-08-24,2018-08-25,2018-08-26,2018-08-27
Moto Racer 4,NS,Racing,0.01,2018-11-20,2018-11-21,2018-11-22,2018-11-23,2018-11-24,2018-11-25,2018-11-26
Gungrave VR,PS4,Shooter,0.01,2018-12-11,2018-12-12,2018-12-13,2018-12-14,2018-12-15,2018-12-16,2018-12-17
Touhou Genso Wanderer Reloaded,PS4,Role-Playing,0.01,2018-07-17,2018-07-18,2018-07-19,2018-07-20,2018-07-21,2018-07-22,2018-07-23
Touhou Genso Wanderer Reloaded,NS,Role-Playing,0.01,2018-07-17,2018-07-18,2018-07-19,2018-07-20,2018-07-21,2018-07-22,2018-07-23
Fallen Legion Rise to Glory,NS,Role-Playing,0.01,2018-05-29,2018-05-30,2018-05-31,2018-06-01,2018-06-02,2018-06-03,2018-06-04
Moonlighter,PS4,Role-Playing,0.01,2018-11-09,2018-11-10,2018-11-11,2018-11-12,2018-11-13,2018-11-14,2018-11-15
Banner Saga Trilogy,NS,Role-Playing,0.01,2018-09-21,2018-09-22,2018-09-23,2018-09-24,2018-09-25,2018-09-26,2018-09-27
Mothergunship,XOne,Shooter,0.01,2018-08-24,2018-08-25,2018-08-26,2018-08-27,2018-08-28,2018-08-29,2018-08-30
Mothergunship,PS4,Shooter,0.01,2018-08-24,2018-08-25,2018-08-26,2018-08-27,2018-08-28,2018-08-29,2018-08-30
Tempest 4000,PS4,Shooter,0.01,2018-07-27,2018-07-28,2018-07-29,2018-07-30,2018-07-31,2018-08-01,2018-08-02
Tempest 4000,XOne,Shooter,0.01,2018-07-27,2018-07-28,2018-07-29,2018-07-30,2018-07-31,2018-08-01,2018-08-02
Big Buck Hunter Arcade,NS,Shooter,0.01,2018-10-16,2018-10-17,2018-10-18,2018-10-19,2018-10-20,2018-10-21,2018-10-22
Gal Metal,NS,Music,0.01,2018-10-30,2018-10-31,2018-11-01,2018-11-02,2018-11-03,2018-11-04,2018-11-05
Happy Birthdays,NS,Misc,0.01,2018-06-05,2018-06-06,2018-06-07,2018-06-08,2018-06-09,2018-06-10,2018-06-11
Musynx,NS,Music,0.01,2018-06-19,2018-06-20,2018-06-21,2018-06-22,2018-06-23,2018-06-24,2018-06-25
Just Deal With It,PS4,Party,0.01,2018-12-04,2018-12-05,2018-12-06,2018-12-07,2018-12-08,2018-12-09,2018-12-10
VOEZ,NS,Music,0.01,2018-08-14,2018-08-15,2018-08-16,2018-08-17,2018-08-18,2018-08-19,2018-08-20
Hotel Transylvania 3 Monsters Overboard,NS,Action-Adventure,0.01,2018-07-10,2018-07-11,2018-07-12,2018-07-13,2018-07-14,2018-07-15,2018-07-16
Max The Curse of Brotherhood,NS,Action-Adventure,0.01,2018-04-24,2018-04-25,2018-04-26,2018-04-27,2018-04-28,2018-04-29,2018-04-30
Under Night InBirth ExeLatest,PS4,Fighting,0.01,2018-02-09,2018-02-10,2018-02-11,2018-02-12,2018-02-13,2018-02-14,2018-02-15
Wordhunters,PS4,Misc,0.01,2018-12-04,2018-12-05,2018-12-06,2018-12-07,2018-12-08,2018-12-09,2018-12-10
Brawlout,NS,Fighting,0.01,2018-06-26,2018-06-27,2018-06-28,2018-06-29,2018-06-30,2018-07-01,2018-07-02
Flashback,NS,Platform,0.01,2018-11-20,2018-11-21,2018-11-22,2018-11-23,2018-11-24,2018-11-25,2018-11-26
Flashback,PS4,Platform,0.01,2018-11-20,2018-11-21,2018-11-22,2018-11-23,2018-11-24,2018-11-25,2018-11-26
SteamWorld Dig 2,PS4,Platform,0.01,2018-06-19,2018-06-20,2018-06-21,2018-06-22,2018-06-23,2018-06-24,2018-06-25
Candle The Power of the Flame,NS,Platform,0.01,2018-10-16,2018-10-17,2018-10-18,2018-10-19,2018-10-20,2018-10-21,2018-10-22
Giana Sisters Twisted Dreams,NS,Platform,0.01,2018-09-25,2018-09-26,2018-09-27,2018-09-28,2018-09-29,2018-09-30,2018-10-01
SteamWorld Dig 2,NS,Platform,0.01,2018-06-19,2018-06-20,2018-06-21,2018-06-22,2018-06-23,2018-06-24,2018-06-25
Rapala Fishing Pro Series,NS,Simulation,0.01,2018-10-16,2018-10-17,2018-10-18,2018-10-19,2018-10-20,2018-10-21,2018-10-22
Project Highrise Architects Edition,XOne,Simulation,0.01,2018-11-13,2018-11-14,2018-11-15,2018-11-16,2018-11-17,2018-11-18,2018-11-19
Project Highrise Architects Edition,NS,Simulation,0.01,2018-11-13,2018-11-14,2018-11-15,2018-11-16,2018-11-17,2018-11-18,2018-11-19
Gal Gun 2,NS,Simulation,0.01,2018-04-24,2018-04-25,2018-04-26,2018-04-27,2018-04-28,2018-04-29,2018-04-30
Project Highrise Architects Edition,PS4,Simulation,0.01,2018-11-13,2018-11-14,2018-11-15,2018-11-16,2018-11-17,2018-11-18,2018-11-19
